email,subject, messagemohammedtanveerowais5600@gmail.com,cfdcwed,fdef
mohammedtanveerowais5600@gmail.com,cfdcwed,fdef
mohammedtanveerowais5600@gmail.com,cfdcwed,fdef
mohammedtanveerowais5600@gmail.com,cfdcwed,fdef
fkfmadlkm@gmail.com,d ldmode,fewklfmelwk
mohammedtanveerowais5600@gmail.com,kbjjkbkbk,klknlnln
mohammedtanveerowais5600@gmail.com,mazin,mxmslkxnsjkxnskcxds
mohammedtanveerowais5600@gmail.com,your website,super cool
mohammedtanveerowais5600@gmail.com,your website,super cool
,,
,,
mohammedtanveerowais5600@gmail.com,kmkml,mojiol
md93929189@gmail.com,hi,hello
abcd@gmail.com,701-3513-097,hi how r u,fine
mohammedtanveerowais5600@gmail.com,701-3513-097,good afternoon,bye 
mohammedtanveerowais5600@gmail.com,701-3513-097,good afternoon,bye 
md93929189@gmail.com,701-3513-097,hi how r u,hh
md93929189@gmail.com,701-3513-097,hi how r u,hh
mohammedtanveerowais5600@gmail.com,701-3513-097,hi how r u,bbbk
md93929189@gmail.com,701-3513-097,bkjfbkhfbkawe,wfwkefbkwe
mohammedtanveerowais5600@gmail.com,701-3513-097,"nfgnghmgj,",rfwrwfrw
mohammedtanveerowais5600@gmail.com,701-3513-097,"nfgnghmgj,",jhhvjv
